,都道府県,種類,面積,知識,年代,人口
0,北海道,面積,83400.0,北海道の面積は83400km2である。,,
1,青森県,面積,9600.0,青森県の面積は9600km2である。,,
2,岩手県,面積,15200.0,岩手県の面積は15200km2である。,,
3,宮城県,面積,7200.0,宮城県の面積は7200km2である。,,
4,秋田県,面積,11600.0,秋田県の面積は11600km2である。,,
5,山形県,面積,9300.0,山形県の面積は9300km2である。,,
6,福島県,面積,13700.0,福島県の面積は13700km2である。,,
7,茨城県,面積,6000.0,茨城県の面積は6000km2である。,,
8,栃木県,面積,6400.0,栃木県の面積は6400km2である。,,
9,群馬県,面積,6300.0,群馬県の面積は6300km2である。,,
10,埼玉県,面積,3700.0,埼玉県の面積は3700km2である。,,
11,千葉県,面積,5100.0,千葉県の面積は5100km2である。,,
12,東京都,面積,2100.0,東京都の面積は2100km2である。,,
13,神奈川県,面積,2400.0,神奈川県の面積は2400km2である。,,
14,新潟県,面積,12500.0,新潟県の面積は12500km2である。,,
15,富山県,面積,4200.0,富山県の面積は4200km2である。,,
16,石川県,面積,4100.0,石川県の面積は4100km2である。,,
17,福井県,面積,4100.0,福井県の面積は4100km2である。,,
18,山梨県,面積,4400.0,山梨県の面積は4400km2である。,,
19,長野県,面積,13500.0,長野県の面積は13500km2である。,,
20,岐阜県,面積,10600.0,岐阜県の面積は10600km2である。,,
21,静岡県,面積,7700.0,静岡県の面積は7700km2である。,,
22,愛知県,面積,5100.0,愛知県の面積は5100km2である。,,
23,三重県,面積,5700.0,三重県の面積は5700km2である。,,
24,滋賀県,面積,4000.0,滋賀県の面積は4000km2である。,,
25,京都府,面積,4600.0,京都府の面積は4600km2である。,,
26,大阪府,面積,1900.0,大阪府の面積は1900km2である。,,
27,兵庫県,面積,8400.0,兵庫県の面積は8400km2である。,,
28,奈良県,面積,3600.0,奈良県の面積は3600km2である。,,
29,和歌山県,面積,4700.0,和歌山県の面積は4700km2である。,,
30,鳥取県,面積,3500.0,鳥取県の面積は3500km2である。,,
31,島根県,面積,6700.0,島根県の面積は6700km2である。,,
32,岡山県,面積,7100.0,岡山県の面積は7100km2である。,,
33,広島県,面積,8400.0,広島県の面積は8400km2である。,,
34,山口県,面積,6100.0,山口県の面積は6100km2である。,,
35,徳島県,面積,4100.0,徳島県の面積は4100km2である。,,
36,香川県,面積,1800.0,香川県の面積は1800km2である。,,
37,愛媛県,面積,5600.0,愛媛県の面積は5600km2である。,,
38,高知県,面積,7100.0,高知県の面積は7100km2である。,,
39,福岡県,面積,4900.0,福岡県の面積は4900km2である。,,
40,佐賀県,面積,2400.0,佐賀県の面積は2400km2である。,,
41,長崎県,面積,4100.0,長崎県の面積は4100km2である。,,
42,熊本県,面積,7400.0,熊本県の面積は7400km2である。,,
43,大分県,面積,6300.0,大分県の面積は6300km2である。,,
44,宮崎県,面積,7700.0,宮崎県の面積は7700km2である。,,
45,鹿児島県,面積,9100.0,鹿児島県の面積は9100km2である。,,
46,沖縄県,面積,2200.0,沖縄県の面積は2200km2である。,,
48,北海道,人口,,1920年の北海道の人口は235万人です。,1920.0,235.0
49,青森県,人口,,1920年の青森県の人口は75万人です。,1920.0,75.0
50,岩手県,人口,,1920年の岩手県の人口は84万人です。,1920.0,84.0
51,宮城県,人口,,1920年の宮城県の人口は96万人です。,1920.0,96.0
52,秋田県,人口,,1920年の秋田県の人口は89万人です。,1920.0,89.0
53,山形県,人口,,1920年の山形県の人口は96万人です。,1920.0,96.0
54,福島県,人口,,1920年の福島県の人口は136万人です。,1920.0,136.0
55,茨城県,人口,,1920年の茨城県の人口は135万人です。,1920.0,135.0
56,栃木県,人口,,1920年の栃木県の人口は104万人です。,1920.0,104.0
57,群馬県,人口,,1920年の群馬県の人口は105万人です。,1920.0,105.0
58,埼玉県,人口,,1920年の埼玉県の人口は131万人です。,1920.0,131.0
59,千葉県,人口,,1920年の千葉県の人口は133万人です。,1920.0,133.0
60,東京都,人口,,1920年の東京都の人口は369万人です。,1920.0,369.0
61,神奈川県,人口,,1920年の神奈川県の人口は132万人です。,1920.0,132.0
62,新潟県,人口,,1920年の新潟県の人口は177万人です。,1920.0,177.0
63,富山県,人口,,1920年の富山県の人口は72万人です。,1920.0,72.0
64,石川県,人口,,1920年の石川県の人口は74万人です。,1920.0,74.0
65,福井県,人口,,1920年の福井県の人口は59万人です。,1920.0,59.0
66,山梨県,人口,,1920年の山梨県の人口は58万人です。,1920.0,58.0
67,長野県,人口,,1920年の長野県の人口は156万人です。,1920.0,156.0
68,岐阜県,人口,,1920年の岐阜県の人口は107万人です。,1920.0,107.0
69,静岡県,人口,,1920年の静岡県の人口は155万人です。,1920.0,155.0
70,愛知県,人口,,1920年の愛知県の人口は208万人です。,1920.0,208.0
71,三重県,人口,,1920年の三重県の人口は106万人です。,1920.0,106.0
72,滋賀県,人口,,1920年の滋賀県の人口は65万人です。,1920.0,65.0
73,京都府,人口,,1920年の京都府の人口は128万人です。,1920.0,128.0
74,大阪府,人口,,1920年の大阪府の人口は258万人です。,1920.0,258.0
75,兵庫県,人口,,1920年の兵庫県の人口は230万人です。,1920.0,230.0
76,奈良県,人口,,1920年の奈良県の人口は56万人です。,1920.0,56.0
77,和歌山県,人口,,1920年の和歌山県の人口は75万人です。,1920.0,75.0
78,鳥取県,人口,,1920年の鳥取県の人口は45万人です。,1920.0,45.0
79,島根県,人口,,1920年の島根県の人口は71万人です。,1920.0,71.0
80,岡山県,人口,,1920年の岡山県の人口は121万人です。,1920.0,121.0
81,広島県,人口,,1920年の広島県の人口は154万人です。,1920.0,154.0
82,山口県,人口,,1920年の山口県の人口は104万人です。,1920.0,104.0
83,徳島県,人口,,1920年の徳島県の人口は67万人です。,1920.0,67.0
84,香川県,人口,,1920年の香川県の人口は67万人です。,1920.0,67.0
85,愛媛県,人口,,1920年の愛媛県の人口は104万人です。,1920.0,104.0
86,高知県,人口,,1920年の高知県の人口は67万人です。,1920.0,67.0
87,福岡県,人口,,1920年の福岡県の人口は218万人です。,1920.0,218.0
88,佐賀県,人口,,1920年の佐賀県の人口は67万人です。,1920.0,67.0
89,長崎県,人口,,1920年の長崎県の人口は113万人です。,1920.0,113.0
90,熊本県,人口,,1920年の熊本県の人口は123万人です。,1920.0,123.0
91,大分県,人口,,1920年の大分県の人口は86万人です。,1920.0,86.0
92,宮崎県,人口,,1920年の宮崎県の人口は65万人です。,1920.0,65.0
93,鹿児島県,人口,,1920年の鹿児島県の人口は141万人です。,1920.0,141.0
94,沖縄県,人口,,1920年の沖縄県の人口は57万人です。,1920.0,57.0
96,北海道,人口,,1925年の北海道の人口は249万人です。,1925.0,249.0
97,青森県,人口,,1925年の青森県の人口は81万人です。,1925.0,81.0
98,岩手県,人口,,1925年の岩手県の人口は90万人です。,1925.0,90.0
99,宮城県,人口,,1925年の宮城県の人口は104万人です。,1925.0,104.0
100,秋田県,人口,,1925年の秋田県の人口は93万人です。,1925.0,93.0
101,山形県,人口,,1925年の山形県の人口は102万人です。,1925.0,102.0
102,福島県,人口,,1925年の福島県の人口は143万人です。,1925.0,143.0
103,茨城県,人口,,1925年の茨城県の人口は140万人です。,1925.0,140.0
104,栃木県,人口,,1925年の栃木県の人口は109万人です。,1925.0,109.0
105,群馬県,人口,,1925年の群馬県の人口は111万人です。,1925.0,111.0
106,埼玉県,人口,,1925年の埼玉県の人口は139万人です。,1925.0,139.0
107,千葉県,人口,,1925年の千葉県の人口は139万人です。,1925.0,139.0
108,東京都,人口,,1925年の東京都の人口は448万人です。,1925.0,448.0
109,神奈川県,人口,,1925年の神奈川県の人口は141万人です。,1925.0,141.0
110,新潟県,人口,,1925年の新潟県の人口は184万人です。,1925.0,184.0
111,富山県,人口,,1925年の富山県の人口は74万人です。,1925.0,74.0
112,石川県,人口,,1925年の石川県の人口は75万人です。,1925.0,75.0
113,福井県,人口,,1925年の福井県の人口は59万人です。,1925.0,59.0
114,山梨県,人口,,1925年の山梨県の人口は60万人です。,1925.0,60.0
115,長野県,人口,,1925年の長野県の人口は162万人です。,1925.0,162.0
116,岐阜県,人口,,1925年の岐阜県の人口は113万人です。,1925.0,113.0
117,静岡県,人口,,1925年の静岡県の人口は167万人です。,1925.0,167.0
118,愛知県,人口,,1925年の愛知県の人口は231万人です。,1925.0,231.0
119,三重県,人口,,1925年の三重県の人口は110万人です。,1925.0,110.0
120,滋賀県,人口,,1925年の滋賀県の人口は66万人です。,1925.0,66.0
121,京都府,人口,,1925年の京都府の人口は140万人です。,1925.0,140.0
122,大阪府,人口,,1925年の大阪府の人口は305万人です。,1925.0,305.0
123,兵庫県,人口,,1925年の兵庫県の人口は245万人です。,1925.0,245.0
124,奈良県,人口,,1925年の奈良県の人口は58万人です。,1925.0,58.0
125,和歌山県,人口,,1925年の和歌山県の人口は78万人です。,1925.0,78.0
126,鳥取県,人口,,1925年の鳥取県の人口は47万人です。,1925.0,47.0
127,島根県,人口,,1925年の島根県の人口は72万人です。,1925.0,72.0
128,岡山県,人口,,1925年の岡山県の人口は123万人です。,1925.0,123.0
129,広島県,人口,,1925年の広島県の人口は161万人です。,1925.0,161.0
130,山口県,人口,,1925年の山口県の人口は109万人です。,1925.0,109.0
131,徳島県,人口,,1925年の徳島県の人口は68万人です。,1925.0,68.0
132,香川県,人口,,1925年の香川県の人口は70万人です。,1925.0,70.0
133,愛媛県,人口,,1925年の愛媛県の人口は109万人です。,1925.0,109.0
134,高知県,人口,,1925年の高知県の人口は68万人です。,1925.0,68.0
135,福岡県,人口,,1925年の福岡県の人口は230万人です。,1925.0,230.0
136,佐賀県,人口,,1925年の佐賀県の人口は68万人です。,1925.0,68.0
137,長崎県,人口,,1925年の長崎県の人口は116万人です。,1925.0,116.0
138,熊本県,人口,,1925年の熊本県の人口は129万人です。,1925.0,129.0
139,大分県,人口,,1925年の大分県の人口は91万人です。,1925.0,91.0
140,宮崎県,人口,,1925年の宮崎県の人口は69万人です。,1925.0,69.0
141,鹿児島県,人口,,1925年の鹿児島県の人口は147万人です。,1925.0,147.0
142,沖縄県,人口,,1925年の沖縄県の人口は55万人です。,1925.0,55.0
144,北海道,人口,,1930年の北海道の人口は281万人です。,1930.0,281.0
145,青森県,人口,,1930年の青森県の人口は87万人です。,1930.0,87.0
146,岩手県,人口,,1930年の岩手県の人口は97万人です。,1930.0,97.0
147,宮城県,人口,,1930年の宮城県の人口は114万人です。,1930.0,114.0
148,秋田県,人口,,1930年の秋田県の人口は98万人です。,1930.0,98.0
149,山形県,人口,,1930年の山形県の人口は108万人です。,1930.0,108.0
150,福島県,人口,,1930年の福島県の人口は150万人です。,1930.0,150.0
151,茨城県,人口,,1930年の茨城県の人口は148万人です。,1930.0,148.0
152,栃木県,人口,,1930年の栃木県の人口は114万人です。,1930.0,114.0
153,群馬県,人口,,1930年の群馬県の人口は118万人です。,1930.0,118.0
154,埼玉県,人口,,1930年の埼玉県の人口は145万人です。,1930.0,145.0
155,千葉県,人口,,1930年の千葉県の人口は147万人です。,1930.0,147.0
156,東京都,人口,,1930年の東京都の人口は540万人です。,1930.0,540.0
157,神奈川県,人口,,1930年の神奈川県の人口は161万人です。,1930.0,161.0
158,新潟県,人口,,1930年の新潟県の人口は193万人です。,1930.0,193.0
159,富山県,人口,,1930年の富山県の人口は77万人です。,1930.0,77.0
160,石川県,人口,,1930年の石川県の人口は75万人です。,1930.0,75.0
161,福井県,人口,,1930年の福井県の人口は61万人です。,1930.0,61.0
162,山梨県,人口,,1930年の山梨県の人口は63万人です。,1930.0,63.0
163,長野県,人口,,1930年の長野県の人口は171万人です。,1930.0,171.0
164,岐阜県,人口,,1930年の岐阜県の人口は117万人です。,1930.0,117.0
165,静岡県,人口,,1930年の静岡県の人口は179万人です。,1930.0,179.0
166,愛知県,人口,,1930年の愛知県の人口は256万人です。,1930.0,256.0
167,三重県,人口,,1930年の三重県の人口は115万人です。,1930.0,115.0
168,滋賀県,人口,,1930年の滋賀県の人口は69万人です。,1930.0,69.0
169,京都府,人口,,1930年の京都府の人口は155万人です。,1930.0,155.0
170,大阪府,人口,,1930年の大阪府の人口は354万人です。,1930.0,354.0
171,兵庫県,人口,,1930年の兵庫県の人口は264万人です。,1930.0,264.0
172,奈良県,人口,,1930年の奈良県の人口は59万人です。,1930.0,59.0
173,和歌山県,人口,,1930年の和歌山県の人口は83万人です。,1930.0,83.0
174,鳥取県,人口,,1930年の鳥取県の人口は48万人です。,1930.0,48.0
175,島根県,人口,,1930年の島根県の人口は73万人です。,1930.0,73.0
176,岡山県,人口,,1930年の岡山県の人口は128万人です。,1930.0,128.0
177,広島県,人口,,1930年の広島県の人口は169万人です。,1930.0,169.0
178,山口県,人口,,1930年の山口県の人口は113万人です。,1930.0,113.0
179,徳島県,人口,,1930年の徳島県の人口は71万人です。,1930.0,71.0
180,香川県,人口,,1930年の香川県の人口は73万人です。,1930.0,73.0
181,愛媛県,人口,,1930年の愛媛県の人口は114万人です。,1930.0,114.0
182,高知県,人口,,1930年の高知県の人口は71万人です。,1930.0,71.0
183,福岡県,人口,,1930年の福岡県の人口は252万人です。,1930.0,252.0
184,佐賀県,人口,,1930年の佐賀県の人口は69万人です。,1930.0,69.0
185,長崎県,人口,,1930年の長崎県の人口は123万人です。,1930.0,123.0
186,熊本県,人口,,1930年の熊本県の人口は135万人です。,1930.0,135.0
187,大分県,人口,,1930年の大分県の人口は94万人です。,1930.0,94.0
188,宮崎県,人口,,1930年の宮崎県の人口は76万人です。,1930.0,76.0
189,鹿児島県,人口,,1930年の鹿児島県の人口は155万人です。,1930.0,155.0
190,沖縄県,人口,,1930年の沖縄県の人口は57万人です。,1930.0,57.0
192,北海道,人口,,1935年の北海道の人口は306万人です。,1935.0,306.0
193,青森県,人口,,1935年の青森県の人口は96万人です。,1935.0,96.0
194,岩手県,人口,,1935年の岩手県の人口は104万人です。,1935.0,104.0
195,宮城県,人口,,1935年の宮城県の人口は123万人です。,1935.0,123.0
196,秋田県,人口,,1935年の秋田県の人口は103万人です。,1935.0,103.0
197,山形県,人口,,1935年の山形県の人口は111万人です。,1935.0,111.0
198,福島県,人口,,1935年の福島県の人口は158万人です。,1935.0,158.0
199,茨城県,人口,,1935年の茨城県の人口は154万人です。,1935.0,154.0
200,栃木県,人口,,1935年の栃木県の人口は119万人です。,1935.0,119.0
201,群馬県,人口,,1935年の群馬県の人口は124万人です。,1935.0,124.0
202,埼玉県,人口,,1935年の埼玉県の人口は152万人です。,1935.0,152.0
203,千葉県,人口,,1935年の千葉県の人口は154万人です。,1935.0,154.0
204,東京都,人口,,1935年の東京都の人口は636万人です。,1935.0,636.0
205,神奈川県,人口,,1935年の神奈川県の人口は184万人です。,1935.0,184.0
206,新潟県,人口,,1935年の新潟県の人口は199万人です。,1935.0,199.0
207,富山県,人口,,1935年の富山県の人口は79万人です。,1935.0,79.0
208,石川県,人口,,1935年の石川県の人口は76万人です。,1935.0,76.0
209,福井県,人口,,1935年の福井県の人口は64万人です。,1935.0,64.0
210,山梨県,人口,,1935年の山梨県の人口は64万人です。,1935.0,64.0
211,長野県,人口,,1935年の長野県の人口は171万人です。,1935.0,171.0
212,岐阜県,人口,,1935年の岐阜県の人口は122万人です。,1935.0,122.0
213,静岡県,人口,,1935年の静岡県の人口は193万人です。,1935.0,193.0
214,愛知県,人口,,1935年の愛知県の人口は286万人です。,1935.0,286.0
215,三重県,人口,,1935年の三重県の人口は117万人です。,1935.0,117.0
216,滋賀県,人口,,1935年の滋賀県の人口は71万人です。,1935.0,71.0
217,京都府,人口,,1935年の京都府の人口は170万人です。,1935.0,170.0
218,大阪府,人口,,1935年の大阪府の人口は429万人です。,1935.0,429.0
219,兵庫県,人口,,1935年の兵庫県の人口は292万人です。,1935.0,292.0
220,奈良県,人口,,1935年の奈良県の人口は62万人です。,1935.0,62.0
221,和歌山県,人口,,1935年の和歌山県の人口は86万人です。,1935.0,86.0
222,鳥取県,人口,,1935年の鳥取県の人口は49万人です。,1935.0,49.0
223,島根県,人口,,1935年の島根県の人口は74万人です。,1935.0,74.0
224,岡山県,人口,,1935年の岡山県の人口は133万人です。,1935.0,133.0
225,広島県,人口,,1935年の広島県の人口は180万人です。,1935.0,180.0
226,山口県,人口,,1935年の山口県の人口は119万人です。,1935.0,119.0
227,徳島県,人口,,1935年の徳島県の人口は72万人です。,1935.0,72.0
228,香川県,人口,,1935年の香川県の人口は74万人です。,1935.0,74.0
229,愛媛県,人口,,1935年の愛媛県の人口は116万人です。,1935.0,116.0
230,高知県,人口,,1935年の高知県の人口は71万人です。,1935.0,71.0
231,福岡県,人口,,1935年の福岡県の人口は275万人です。,1935.0,275.0
232,佐賀県,人口,,1935年の佐賀県の人口は68万人です。,1935.0,68.0
233,長崎県,人口,,1935年の長崎県の人口は129万人です。,1935.0,129.0
234,熊本県,人口,,1935年の熊本県の人口は138万人です。,1935.0,138.0
235,大分県,人口,,1935年の大分県の人口は98万人です。,1935.0,98.0
236,宮崎県,人口,,1935年の宮崎県の人口は82万人です。,1935.0,82.0
237,鹿児島県,人口,,1935年の鹿児島県の人口は159万人です。,1935.0,159.0
238,沖縄県,人口,,1935年の沖縄県の人口は59万人です。,1935.0,59.0
240,北海道,人口,,1940年の北海道の人口は327万人です。,1940.0,327.0
241,青森県,人口,,1940年の青森県の人口は100万人です。,1940.0,100.0
242,岩手県,人口,,1940年の岩手県の人口は109万人です。,1940.0,109.0
243,宮城県,人口,,1940年の宮城県の人口は127万人です。,1940.0,127.0
244,秋田県,人口,,1940年の秋田県の人口は105万人です。,1940.0,105.0
245,山形県,人口,,1940年の山形県の人口は111万人です。,1940.0,111.0
246,福島県,人口,,1940年の福島県の人口は162万人です。,1940.0,162.0
247,茨城県,人口,,1940年の茨城県の人口は162万人です。,1940.0,162.0
248,栃木県,人口,,1940年の栃木県の人口は120万人です。,1940.0,120.0
249,群馬県,人口,,1940年の群馬県の人口は129万人です。,1940.0,129.0
250,埼玉県,人口,,1940年の埼玉県の人口は160万人です。,1940.0,160.0
251,千葉県,人口,,1940年の千葉県の人口は158万人です。,1940.0,158.0
252,東京都,人口,,1940年の東京都の人口は735万人です。,1940.0,735.0
253,神奈川県,人口,,1940年の神奈川県の人口は218万人です。,1940.0,218.0
254,新潟県,人口,,1940年の新潟県の人口は206万人です。,1940.0,206.0
255,富山県,人口,,1940年の富山県の人口は82万人です。,1940.0,82.0
256,石川県,人口,,1940年の石川県の人口は75万人です。,1940.0,75.0
257,福井県,人口,,1940年の福井県の人口は64万人です。,1940.0,64.0
258,山梨県,人口,,1940年の山梨県の人口は66万人です。,1940.0,66.0
259,長野県,人口,,1940年の長野県の人口は171万人です。,1940.0,171.0
260,岐阜県,人口,,1940年の岐阜県の人口は126万人です。,1940.0,126.0
261,静岡県,人口,,1940年の静岡県の人口は201万人です。,1940.0,201.0
262,愛知県,人口,,1940年の愛知県の人口は316万人です。,1940.0,316.0
263,三重県,人口,,1940年の三重県の人口は119万人です。,1940.0,119.0
264,滋賀県,人口,,1940年の滋賀県の人口は70万人です。,1940.0,70.0
265,京都府,人口,,1940年の京都府の人口は172万人です。,1940.0,172.0
266,大阪府,人口,,1940年の大阪府の人口は479万人です。,1940.0,479.0
267,兵庫県,人口,,1940年の兵庫県の人口は322万人です。,1940.0,322.0
268,奈良県,人口,,1940年の奈良県の人口は62万人です。,1940.0,62.0
269,和歌山県,人口,,1940年の和歌山県の人口は86万人です。,1940.0,86.0
270,鳥取県,人口,,1940年の鳥取県の人口は48万人です。,1940.0,48.0
271,島根県,人口,,1940年の島根県の人口は74万人です。,1940.0,74.0
272,岡山県,人口,,1940年の岡山県の人口は132万人です。,1940.0,132.0
273,広島県,人口,,1940年の広島県の人口は186万人です。,1940.0,186.0
274,山口県,人口,,1940年の山口県の人口は129万人です。,1940.0,129.0
275,徳島県,人口,,1940年の徳島県の人口は71万人です。,1940.0,71.0
276,香川県,人口,,1940年の香川県の人口は73万人です。,1940.0,73.0
277,愛媛県,人口,,1940年の愛媛県の人口は117万人です。,1940.0,117.0
278,高知県,人口,,1940年の高知県の人口は70万人です。,1940.0,70.0
279,福岡県,人口,,1940年の福岡県の人口は309万人です。,1940.0,309.0
280,佐賀県,人口,,1940年の佐賀県の人口は70万人です。,1940.0,70.0
281,長崎県,人口,,1940年の長崎県の人口は137万人です。,1940.0,137.0
282,熊本県,人口,,1940年の熊本県の人口は136万人です。,1940.0,136.0
283,大分県,人口,,1940年の大分県の人口は97万人です。,1940.0,97.0
284,宮崎県,人口,,1940年の宮崎県の人口は84万人です。,1940.0,84.0
285,鹿児島県,人口,,1940年の鹿児島県の人口は158万人です。,1940.0,158.0
286,沖縄県,人口,,1940年の沖縄県の人口は57万人です。,1940.0,57.0
288,北海道,人口,,1945年の北海道の人口は351万人です。,1945.0,351.0
289,青森県,人口,,1945年の青森県の人口は108万人です。,1945.0,108.0
290,岩手県,人口,,1945年の岩手県の人口は122万人です。,1945.0,122.0
291,宮城県,人口,,1945年の宮城県の人口は146万人です。,1945.0,146.0
292,秋田県,人口,,1945年の秋田県の人口は121万人です。,1945.0,121.0
293,山形県,人口,,1945年の山形県の人口は132万人です。,1945.0,132.0
294,福島県,人口,,1945年の福島県の人口は195万人です。,1945.0,195.0
295,茨城県,人口,,1945年の茨城県の人口は194万人です。,1945.0,194.0
296,栃木県,人口,,1945年の栃木県の人口は154万人です。,1945.0,154.0
297,群馬県,人口,,1945年の群馬県の人口は154万人です。,1945.0,154.0
298,埼玉県,人口,,1945年の埼玉県の人口は204万人です。,1945.0,204.0
299,千葉県,人口,,1945年の千葉県の人口は196万人です。,1945.0,196.0
300,東京都,人口,,1945年の東京都の人口は348万人です。,1945.0,348.0
301,神奈川県,人口,,1945年の神奈川県の人口は186万人です。,1945.0,186.0
302,新潟県,人口,,1945年の新潟県の人口は238万人です。,1945.0,238.0
303,富山県,人口,,1945年の富山県の人口は95万人です。,1945.0,95.0
304,石川県,人口,,1945年の石川県の人口は88万人です。,1945.0,88.0
305,福井県,人口,,1945年の福井県の人口は72万人です。,1945.0,72.0
306,山梨県,人口,,1945年の山梨県の人口は83万人です。,1945.0,83.0
307,長野県,人口,,1945年の長野県の人口は212万人です。,1945.0,212.0
308,岐阜県,人口,,1945年の岐阜県の人口は151万人です。,1945.0,151.0
309,静岡県,人口,,1945年の静岡県の人口は222万人です。,1945.0,222.0
310,愛知県,人口,,1945年の愛知県の人口は285万人です。,1945.0,285.0
311,三重県,人口,,1945年の三重県の人口は139万人です。,1945.0,139.0
312,滋賀県,人口,,1945年の滋賀県の人口は86万人です。,1945.0,86.0
313,京都府,人口,,1945年の京都府の人口は160万人です。,1945.0,160.0
314,大阪府,人口,,1945年の大阪府の人口は280万人です。,1945.0,280.0
315,兵庫県,人口,,1945年の兵庫県の人口は282万人です。,1945.0,282.0
316,奈良県,人口,,1945年の奈良県の人口は77万人です。,1945.0,77.0
317,和歌山県,人口,,1945年の和歌山県の人口は93万人です。,1945.0,93.0
318,鳥取県,人口,,1945年の鳥取県の人口は56万人です。,1945.0,56.0
319,島根県,人口,,1945年の島根県の人口は86万人です。,1945.0,86.0
320,岡山県,人口,,1945年の岡山県の人口は156万人です。,1945.0,156.0
321,広島県,人口,,1945年の広島県の人口は188万人です。,1945.0,188.0
322,山口県,人口,,1945年の山口県の人口は135万人です。,1945.0,135.0
323,徳島県,人口,,1945年の徳島県の人口は83万人です。,1945.0,83.0
324,香川県,人口,,1945年の香川県の人口は86万人です。,1945.0,86.0
325,愛媛県,人口,,1945年の愛媛県の人口は136万人です。,1945.0,136.0
326,高知県,人口,,1945年の高知県の人口は77万人です。,1945.0,77.0
327,福岡県,人口,,1945年の福岡県の人口は274万人です。,1945.0,274.0
328,佐賀県,人口,,1945年の佐賀県の人口は83万人です。,1945.0,83.0
329,長崎県,人口,,1945年の長崎県の人口は131万人です。,1945.0,131.0
330,熊本県,人口,,1945年の熊本県の人口は155万人です。,1945.0,155.0
331,大分県,人口,,1945年の大分県の人口は112万人です。,1945.0,112.0
332,宮崎県,人口,,1945年の宮崎県の人口は91万人です。,1945.0,91.0
333,鹿児島県,人口,,1945年の鹿児島県の人口は153万人です。,1945.0,153.0
335,北海道,人口,,1950年の北海道の人口は429万人です。,1950.0,429.0
336,青森県,人口,,1950年の青森県の人口は128万人です。,1950.0,128.0
337,岩手県,人口,,1950年の岩手県の人口は134万人です。,1950.0,134.0
338,宮城県,人口,,1950年の宮城県の人口は166万人です。,1950.0,166.0
339,秋田県,人口,,1950年の秋田県の人口は130万人です。,1950.0,130.0
340,山形県,人口,,1950年の山形県の人口は135万人です。,1950.0,135.0
341,福島県,人口,,1950年の福島県の人口は206万人です。,1950.0,206.0
342,茨城県,人口,,1950年の茨城県の人口は203万人です。,1950.0,203.0
343,栃木県,人口,,1950年の栃木県の人口は155万人です。,1950.0,155.0
344,群馬県,人口,,1950年の群馬県の人口は160万人です。,1950.0,160.0
345,埼玉県,人口,,1950年の埼玉県の人口は214万人です。,1950.0,214.0
346,千葉県,人口,,1950年の千葉県の人口は213万人です。,1950.0,213.0
347,東京都,人口,,1950年の東京都の人口は627万人です。,1950.0,627.0
348,神奈川県,人口,,1950年の神奈川県の人口は248万人です。,1950.0,248.0
349,新潟県,人口,,1950年の新潟県の人口は246万人です。,1950.0,246.0
350,富山県,人口,,1950年の富山県の人口は100万人です。,1950.0,100.0
351,石川県,人口,,1950年の石川県の人口は95万人です。,1950.0,95.0
352,福井県,人口,,1950年の福井県の人口は75万人です。,1950.0,75.0
353,山梨県,人口,,1950年の山梨県の人口は81万人です。,1950.0,81.0
354,長野県,人口,,1950年の長野県の人口は206万人です。,1950.0,206.0
355,岐阜県,人口,,1950年の岐阜県の人口は154万人です。,1950.0,154.0
356,静岡県,人口,,1950年の静岡県の人口は247万人です。,1950.0,247.0
357,愛知県,人口,,1950年の愛知県の人口は339万人です。,1950.0,339.0
358,三重県,人口,,1950年の三重県の人口は146万人です。,1950.0,146.0
359,滋賀県,人口,,1950年の滋賀県の人口は86万人です。,1950.0,86.0
360,京都府,人口,,1950年の京都府の人口は183万人です。,1950.0,183.0
361,大阪府,人口,,1950年の大阪府の人口は385万人です。,1950.0,385.0
362,兵庫県,人口,,1950年の兵庫県の人口は330万人です。,1950.0,330.0
363,奈良県,人口,,1950年の奈良県の人口は76万人です。,1950.0,76.0
364,和歌山県,人口,,1950年の和歌山県の人口は98万人です。,1950.0,98.0
365,鳥取県,人口,,1950年の鳥取県の人口は60万人です。,1950.0,60.0
366,島根県,人口,,1950年の島根県の人口は91万人です。,1950.0,91.0
367,岡山県,人口,,1950年の岡山県の人口は166万人です。,1950.0,166.0
368,広島県,人口,,1950年の広島県の人口は208万人です。,1950.0,208.0
369,山口県,人口,,1950年の山口県の人口は154万人です。,1950.0,154.0
370,徳島県,人口,,1950年の徳島県の人口は87万人です。,1950.0,87.0
371,香川県,人口,,1950年の香川県の人口は94万人です。,1950.0,94.0
372,愛媛県,人口,,1950年の愛媛県の人口は152万人です。,1950.0,152.0
373,高知県,人口,,1950年の高知県の人口は87万人です。,1950.0,87.0
374,福岡県,人口,,1950年の福岡県の人口は353万人です。,1950.0,353.0
375,佐賀県,人口,,1950年の佐賀県の人口は94万人です。,1950.0,94.0
376,長崎県,人口,,1950年の長崎県の人口は164万人です。,1950.0,164.0
377,熊本県,人口,,1950年の熊本県の人口は182万人です。,1950.0,182.0
378,大分県,人口,,1950年の大分県の人口は125万人です。,1950.0,125.0
379,宮崎県,人口,,1950年の宮崎県の人口は109万人です。,1950.0,109.0
380,鹿児島県,人口,,1950年の鹿児島県の人口は180万人です。,1950.0,180.0
381,沖縄県,人口,,1950年の沖縄県の人口は91万人です。,1950.0,91.0
383,北海道,人口,,1955年の北海道の人口は477万人です。,1955.0,477.0
384,青森県,人口,,1955年の青森県の人口は138万人です。,1955.0,138.0
385,岩手県,人口,,1955年の岩手県の人口は142万人です。,1955.0,142.0
386,宮城県,人口,,1955年の宮城県の人口は172万人です。,1955.0,172.0
387,秋田県,人口,,1955年の秋田県の人口は134万人です。,1955.0,134.0
388,山形県,人口,,1955年の山形県の人口は135万人です。,1955.0,135.0
389,福島県,人口,,1955年の福島県の人口は209万人です。,1955.0,209.0
390,茨城県,人口,,1955年の茨城県の人口は206万人です。,1955.0,206.0
391,栃木県,人口,,1955年の栃木県の人口は154万人です。,1955.0,154.0
392,群馬県,人口,,1955年の群馬県の人口は161万人です。,1955.0,161.0
393,埼玉県,人口,,1955年の埼玉県の人口は226万人です。,1955.0,226.0
394,千葉県,人口,,1955年の千葉県の人口は220万人です。,1955.0,220.0
395,東京都,人口,,1955年の東京都の人口は803万人です。,1955.0,803.0
396,神奈川県,人口,,1955年の神奈川県の人口は291万人です。,1955.0,291.0
397,新潟県,人口,,1955年の新潟県の人口は247万人です。,1955.0,247.0
398,富山県,人口,,1955年の富山県の人口は102万人です。,1955.0,102.0
399,石川県,人口,,1955年の石川県の人口は96万人です。,1955.0,96.0
400,福井県,人口,,1955年の福井県の人口は75万人です。,1955.0,75.0
401,山梨県,人口,,1955年の山梨県の人口は80万人です。,1955.0,80.0
402,長野県,人口,,1955年の長野県の人口は202万人です。,1955.0,202.0
403,岐阜県,人口,,1955年の岐阜県の人口は158万人です。,1955.0,158.0
404,静岡県,人口,,1955年の静岡県の人口は265万人です。,1955.0,265.0
405,愛知県,人口,,1955年の愛知県の人口は376万人です。,1955.0,376.0
406,三重県,人口,,1955年の三重県の人口は148万人です。,1955.0,148.0
407,滋賀県,人口,,1955年の滋賀県の人口は85万人です。,1955.0,85.0
408,京都府,人口,,1955年の京都府の人口は193万人です。,1955.0,193.0
409,大阪府,人口,,1955年の大阪府の人口は461万人です。,1955.0,461.0
410,兵庫県,人口,,1955年の兵庫県の人口は362万人です。,1955.0,362.0
411,奈良県,人口,,1955年の奈良県の人口は77万人です。,1955.0,77.0
412,和歌山県,人口,,1955年の和歌山県の人口は100万人です。,1955.0,100.0
413,鳥取県,人口,,1955年の鳥取県の人口は61万人です。,1955.0,61.0
414,島根県,人口,,1955年の島根県の人口は92万人です。,1955.0,92.0
415,岡山県,人口,,1955年の岡山県の人口は168万人です。,1955.0,168.0
416,広島県,人口,,1955年の広島県の人口は214万人です。,1955.0,214.0
417,山口県,人口,,1955年の山口県の人口は160万人です。,1955.0,160.0
418,徳島県,人口,,1955年の徳島県の人口は87万人です。,1955.0,87.0
419,香川県,人口,,1955年の香川県の人口は94万人です。,1955.0,94.0
420,愛媛県,人口,,1955年の愛媛県の人口は154万人です。,1955.0,154.0
421,高知県,人口,,1955年の高知県の人口は88万人です。,1955.0,88.0
422,福岡県,人口,,1955年の福岡県の人口は385万人です。,1955.0,385.0
423,佐賀県,人口,,1955年の佐賀県の人口は97万人です。,1955.0,97.0
424,長崎県,人口,,1955年の長崎県の人口は174万人です。,1955.0,174.0
425,熊本県,人口,,1955年の熊本県の人口は189万人です。,1955.0,189.0
426,大分県,人口,,1955年の大分県の人口は127万人です。,1955.0,127.0
427,宮崎県,人口,,1955年の宮崎県の人口は113万人です。,1955.0,113.0
428,鹿児島県,人口,,1955年の鹿児島県の人口は204万人です。,1955.0,204.0
429,沖縄県,人口,,1955年の沖縄県の人口は80万人です。,1955.0,80.0
431,北海道,人口,,1960年の北海道の人口は503万人です。,1960.0,503.0
432,青森県,人口,,1960年の青森県の人口は142万人です。,1960.0,142.0
433,岩手県,人口,,1960年の岩手県の人口は144万人です。,1960.0,144.0
434,宮城県,人口,,1960年の宮城県の人口は174万人です。,1960.0,174.0
435,秋田県,人口,,1960年の秋田県の人口は133万人です。,1960.0,133.0
436,山形県,人口,,1960年の山形県の人口は132万人です。,1960.0,132.0
437,福島県,人口,,1960年の福島県の人口は205万人です。,1960.0,205.0
438,茨城県,人口,,1960年の茨城県の人口は204万人です。,1960.0,204.0
439,栃木県,人口,,1960年の栃木県の人口は151万人です。,1960.0,151.0
440,群馬県,人口,,1960年の群馬県の人口は157万人です。,1960.0,157.0
441,埼玉県,人口,,1960年の埼玉県の人口は243万人です。,1960.0,243.0
442,千葉県,人口,,1960年の千葉県の人口は230万人です。,1960.0,230.0
443,東京都,人口,,1960年の東京都の人口は968万人です。,1960.0,968.0
444,神奈川県,人口,,1960年の神奈川県の人口は344万人です。,1960.0,344.0
445,新潟県,人口,,1960年の新潟県の人口は244万人です。,1960.0,244.0
446,富山県,人口,,1960年の富山県の人口は103万人です。,1960.0,103.0
447,石川県,人口,,1960年の石川県の人口は97万人です。,1960.0,97.0
448,福井県,人口,,1960年の福井県の人口は75万人です。,1960.0,75.0
449,山梨県,人口,,1960年の山梨県の人口は78万人です。,1960.0,78.0
450,長野県,人口,,1960年の長野県の人口は198万人です。,1960.0,198.0
451,岐阜県,人口,,1960年の岐阜県の人口は163万人です。,1960.0,163.0
452,静岡県,人口,,1960年の静岡県の人口は275万人です。,1960.0,275.0
453,愛知県,人口,,1960年の愛知県の人口は420万人です。,1960.0,420.0
454,三重県,人口,,1960年の三重県の人口は148万人です。,1960.0,148.0
455,滋賀県,人口,,1960年の滋賀県の人口は84万人です。,1960.0,84.0
456,京都府,人口,,1960年の京都府の人口は199万人です。,1960.0,199.0
457,大阪府,人口,,1960年の大阪府の人口は550万人です。,1960.0,550.0
458,兵庫県,人口,,1960年の兵庫県の人口は390万人です。,1960.0,390.0
459,奈良県,人口,,1960年の奈良県の人口は78万人です。,1960.0,78.0
460,和歌山県,人口,,1960年の和歌山県の人口は100万人です。,1960.0,100.0
461,鳥取県,人口,,1960年の鳥取県の人口は59万人です。,1960.0,59.0
462,島根県,人口,,1960年の島根県の人口は88万人です。,1960.0,88.0
463,岡山県,人口,,1960年の岡山県の人口は167万人です。,1960.0,167.0
464,広島県,人口,,1960年の広島県の人口は218万人です。,1960.0,218.0
465,山口県,人口,,1960年の山口県の人口は160万人です。,1960.0,160.0
466,徳島県,人口,,1960年の徳島県の人口は84万人です。,1960.0,84.0
467,香川県,人口,,1960年の香川県の人口は91万人です。,1960.0,91.0
468,愛媛県,人口,,1960年の愛媛県の人口は150万人です。,1960.0,150.0
469,高知県,人口,,1960年の高知県の人口は85万人です。,1960.0,85.0
470,福岡県,人口,,1960年の福岡県の人口は400万人です。,1960.0,400.0
471,佐賀県,人口,,1960年の佐賀県の人口は94万人です。,1960.0,94.0
472,長崎県,人口,,1960年の長崎県の人口は176万人です。,1960.0,176.0
473,熊本県,人口,,1960年の熊本県の人口は185万人です。,1960.0,185.0
474,大分県,人口,,1960年の大分県の人口は123万人です。,1960.0,123.0
475,宮崎県,人口,,1960年の宮崎県の人口は113万人です。,1960.0,113.0
476,鹿児島県,人口,,1960年の鹿児島県の人口は196万人です。,1960.0,196.0
477,沖縄県,人口,,1960年の沖縄県の人口は88万人です。,1960.0,88.0
479,北海道,人口,,1965年の北海道の人口は517万人です。,1965.0,517.0
480,青森県,人口,,1965年の青森県の人口は141万人です。,1965.0,141.0
481,岩手県,人口,,1965年の岩手県の人口は141万人です。,1965.0,141.0
482,宮城県,人口,,1965年の宮城県の人口は175万人です。,1965.0,175.0
483,秋田県,人口,,1965年の秋田県の人口は127万人です。,1965.0,127.0
484,山形県,人口,,1965年の山形県の人口は126万人です。,1965.0,126.0
485,福島県,人口,,1965年の福島県の人口は198万人です。,1965.0,198.0
486,茨城県,人口,,1965年の茨城県の人口は205万人です。,1965.0,205.0
487,栃木県,人口,,1965年の栃木県の人口は152万人です。,1965.0,152.0
488,群馬県,人口,,1965年の群馬県の人口は160万人です。,1965.0,160.0
489,埼玉県,人口,,1965年の埼玉県の人口は301万人です。,1965.0,301.0
490,千葉県,人口,,1965年の千葉県の人口は270万人です。,1965.0,270.0
491,東京都,人口,,1965年の東京都の人口は1086万人です。,1965.0,1086.0
492,神奈川県,人口,,1965年の神奈川県の人口は443万人です。,1965.0,443.0
493,新潟県,人口,,1965年の新潟県の人口は239万人です。,1965.0,239.0
494,富山県,人口,,1965年の富山県の人口は102万人です。,1965.0,102.0
495,石川県,人口,,1965年の石川県の人口は98万人です。,1965.0,98.0
496,福井県,人口,,1965年の福井県の人口は75万人です。,1965.0,75.0
497,山梨県,人口,,1965年の山梨県の人口は76万人です。,1965.0,76.0
498,長野県,人口,,1965年の長野県の人口は195万人です。,1965.0,195.0
499,岐阜県,人口,,1965年の岐阜県の人口は170万人です。,1965.0,170.0
500,静岡県,人口,,1965年の静岡県の人口は291万人です。,1965.0,291.0
501,愛知県,人口,,1965年の愛知県の人口は479万人です。,1965.0,479.0
502,三重県,人口,,1965年の三重県の人口は151万人です。,1965.0,151.0
503,滋賀県,人口,,1965年の滋賀県の人口は85万人です。,1965.0,85.0
504,京都府,人口,,1965年の京都府の人口は210万人です。,1965.0,210.0
505,大阪府,人口,,1965年の大阪府の人口は665万人です。,1965.0,665.0
506,兵庫県,人口,,1965年の兵庫県の人口は430万人です。,1965.0,430.0
507,奈良県,人口,,1965年の奈良県の人口は82万人です。,1965.0,82.0
508,和歌山県,人口,,1965年の和歌山県の人口は102万人です。,1965.0,102.0
509,鳥取県,人口,,1965年の鳥取県の人口は57万人です。,1965.0,57.0
510,島根県,人口,,1965年の島根県の人口は82万人です。,1965.0,82.0
511,岡山県,人口,,1965年の岡山県の人口は164万人です。,1965.0,164.0
512,広島県,人口,,1965年の広島県の人口は228万人です。,1965.0,228.0
513,山口県,人口,,1965年の山口県の人口は154万人です。,1965.0,154.0
514,徳島県,人口,,1965年の徳島県の人口は81万人です。,1965.0,81.0
515,香川県,人口,,1965年の香川県の人口は90万人です。,1965.0,90.0
516,愛媛県,人口,,1965年の愛媛県の人口は144万人です。,1965.0,144.0
517,高知県,人口,,1965年の高知県の人口は81万人です。,1965.0,81.0
518,福岡県,人口,,1965年の福岡県の人口は396万人です。,1965.0,396.0
519,佐賀県,人口,,1965年の佐賀県の人口は87万人です。,1965.0,87.0
520,長崎県,人口,,1965年の長崎県の人口は164万人です。,1965.0,164.0
521,熊本県,人口,,1965年の熊本県の人口は177万人です。,1965.0,177.0
522,大分県,人口,,1965年の大分県の人口は118万人です。,1965.0,118.0
523,宮崎県,人口,,1965年の宮崎県の人口は108万人です。,1965.0,108.0
524,鹿児島県,人口,,1965年の鹿児島県の人口は185万人です。,1965.0,185.0
525,沖縄県,人口,,1965年の沖縄県の人口は93万人です。,1965.0,93.0
529,北海道,人口,,1970年の北海道の人口は518万人です。,1970.0,518.0
530,青森県,人口,,1970年の青森県の人口は142万人です。,1970.0,142.0
531,岩手県,人口,,1970年の岩手県の人口は137万人です。,1970.0,137.0
532,宮城県,人口,,1970年の宮城県の人口は181万人です。,1970.0,181.0
533,秋田県,人口,,1970年の秋田県の人口は124万人です。,1970.0,124.0
534,山形県,人口,,1970年の山形県の人口は122万人です。,1970.0,122.0
535,福島県,人口,,1970年の福島県の人口は194万人です。,1970.0,194.0
536,茨城県,人口,,1970年の茨城県の人口は214万人です。,1970.0,214.0
537,栃木県,人口,,1970年の栃木県の人口は158万人です。,1970.0,158.0
538,群馬県,人口,,1970年の群馬県の人口は165万人です。,1970.0,165.0
539,埼玉県,人口,,1970年の埼玉県の人口は386万人です。,1970.0,386.0
540,千葉県,人口,,1970年の千葉県の人口は336万人です。,1970.0,336.0
541,東京都,人口,,1970年の東京都の人口は1140万人です。,1970.0,1140.0
542,神奈川県,人口,,1970年の神奈川県の人口は547万人です。,1970.0,547.0
543,新潟県,人口,,1970年の新潟県の人口は236万人です。,1970.0,236.0
544,富山県,人口,,1970年の富山県の人口は102万人です。,1970.0,102.0
545,石川県,人口,,1970年の石川県の人口は100万人です。,1970.0,100.0
546,福井県,人口,,1970年の福井県の人口は74万人です。,1970.0,74.0
547,山梨県,人口,,1970年の山梨県の人口は76万人です。,1970.0,76.0
548,長野県,人口,,1970年の長野県の人口は195万人です。,1970.0,195.0
549,岐阜県,人口,,1970年の岐阜県の人口は175万人です。,1970.0,175.0
550,静岡県,人口,,1970年の静岡県の人口は308万人です。,1970.0,308.0
551,愛知県,人口,,1970年の愛知県の人口は538万人です。,1970.0,538.0
552,三重県,人口,,1970年の三重県の人口は154万人です。,1970.0,154.0
553,滋賀県,人口,,1970年の滋賀県の人口は88万人です。,1970.0,88.0
554,京都府,人口,,1970年の京都府の人口は225万人です。,1970.0,225.0
555,大阪府,人口,,1970年の大阪府の人口は762万人です。,1970.0,762.0
556,兵庫県,人口,,1970年の兵庫県の人口は466万人です。,1970.0,466.0
557,奈良県,人口,,1970年の奈良県の人口は93万人です。,1970.0,93.0
558,和歌山県,人口,,1970年の和歌山県の人口は104万人です。,1970.0,104.0
559,鳥取県,人口,,1970年の鳥取県の人口は56万人です。,1970.0,56.0
560,島根県,人口,,1970年の島根県の人口は77万人です。,1970.0,77.0
561,岡山県,人口,,1970年の岡山県の人口は170万人です。,1970.0,170.0
562,広島県,人口,,1970年の広島県の人口は243万人です。,1970.0,243.0
563,山口県,人口,,1970年の山口県の人口は151万人です。,1970.0,151.0
564,徳島県,人口,,1970年の徳島県の人口は79万人です。,1970.0,79.0
565,香川県,人口,,1970年の香川県の人口は90万人です。,1970.0,90.0
566,愛媛県,人口,,1970年の愛媛県の人口は141万人です。,1970.0,141.0
567,高知県,人口,,1970年の高知県の人口は78万人です。,1970.0,78.0
568,福岡県,人口,,1970年の福岡県の人口は402万人です。,1970.0,402.0
569,佐賀県,人口,,1970年の佐賀県の人口は83万人です。,1970.0,83.0
570,長崎県,人口,,1970年の長崎県の人口は157万人です。,1970.0,157.0
571,熊本県,人口,,1970年の熊本県の人口は170万人です。,1970.0,170.0
572,大分県,人口,,1970年の大分県の人口は115万人です。,1970.0,115.0
573,宮崎県,人口,,1970年の宮崎県の人口は105万人です。,1970.0,105.0
574,鹿児島県,人口,,1970年の鹿児島県の人口は172万人です。,1970.0,172.0
575,沖縄県,人口,,1970年の沖縄県の人口は94万人です。,1970.0,94.0
579,北海道,人口,,1975年の北海道の人口は533万人です。,1975.0,533.0
580,青森県,人口,,1975年の青森県の人口は146万人です。,1975.0,146.0
581,岩手県,人口,,1975年の岩手県の人口は138万人です。,1975.0,138.0
582,宮城県,人口,,1975年の宮城県の人口は195万人です。,1975.0,195.0
583,秋田県,人口,,1975年の秋田県の人口は123万人です。,1975.0,123.0
584,山形県,人口,,1975年の山形県の人口は122万人です。,1975.0,122.0
585,福島県,人口,,1975年の福島県の人口は197万人です。,1975.0,197.0
586,茨城県,人口,,1975年の茨城県の人口は234万人です。,1975.0,234.0
587,栃木県,人口,,1975年の栃木県の人口は169万人です。,1975.0,169.0
588,群馬県,人口,,1975年の群馬県の人口は175万人です。,1975.0,175.0
589,埼玉県,人口,,1975年の埼玉県の人口は482万人です。,1975.0,482.0
590,千葉県,人口,,1975年の千葉県の人口は414万人です。,1975.0,414.0
591,東京都,人口,,1975年の東京都の人口は1167万人です。,1975.0,1167.0
592,神奈川県,人口,,1975年の神奈川県の人口は639万人です。,1975.0,639.0
593,新潟県,人口,,1975年の新潟県の人口は239万人です。,1975.0,239.0
594,富山県,人口,,1975年の富山県の人口は107万人です。,1975.0,107.0
595,石川県,人口,,1975年の石川県の人口は106万人です。,1975.0,106.0
596,福井県,人口,,1975年の福井県の人口は77万人です。,1975.0,77.0
597,山梨県,人口,,1975年の山梨県の人口は78万人です。,1975.0,78.0
598,長野県,人口,,1975年の長野県の人口は201万人です。,1975.0,201.0
599,岐阜県,人口,,1975年の岐阜県の人口は186万人です。,1975.0,186.0
600,静岡県,人口,,1975年の静岡県の人口は330万人です。,1975.0,330.0
601,愛知県,人口,,1975年の愛知県の人口は592万人です。,1975.0,592.0
602,三重県,人口,,1975年の三重県の人口は162万人です。,1975.0,162.0
603,滋賀県,人口,,1975年の滋賀県の人口は98万人です。,1975.0,98.0
604,京都府,人口,,1975年の京都府の人口は242万人です。,1975.0,242.0
605,大阪府,人口,,1975年の大阪府の人口は827万人です。,1975.0,827.0
606,兵庫県,人口,,1975年の兵庫県の人口は499万人です。,1975.0,499.0
607,奈良県,人口,,1975年の奈良県の人口は107万人です。,1975.0,107.0
608,和歌山県,人口,,1975年の和歌山県の人口は107万人です。,1975.0,107.0
609,鳥取県,人口,,1975年の鳥取県の人口は58万人です。,1975.0,58.0
610,島根県,人口,,1975年の島根県の人口は76万人です。,1975.0,76.0
611,岡山県,人口,,1975年の岡山県の人口は181万人です。,1975.0,181.0
612,広島県,人口,,1975年の広島県の人口は264万人です。,1975.0,264.0
613,山口県,人口,,1975年の山口県の人口は155万人です。,1975.0,155.0
614,徳島県,人口,,1975年の徳島県の人口は80万人です。,1975.0,80.0
615,香川県,人口,,1975年の香川県の人口は96万人です。,1975.0,96.0
616,愛媛県,人口,,1975年の愛媛県の人口は146万人です。,1975.0,146.0
617,高知県,人口,,1975年の高知県の人口は80万人です。,1975.0,80.0
618,福岡県,人口,,1975年の福岡県の人口は429万人です。,1975.0,429.0
619,佐賀県,人口,,1975年の佐賀県の人口は83万人です。,1975.0,83.0
620,長崎県,人口,,1975年の長崎県の人口は157万人です。,1975.0,157.0
621,熊本県,人口,,1975年の熊本県の人口は171万人です。,1975.0,171.0
622,大分県,人口,,1975年の大分県の人口は119万人です。,1975.0,119.0
623,宮崎県,人口,,1975年の宮崎県の人口は108万人です。,1975.0,108.0
624,鹿児島県,人口,,1975年の鹿児島県の人口は172万人です。,1975.0,172.0
625,沖縄県,人口,,1975年の沖縄県の人口は104万人です。,1975.0,104.0
629,北海道,人口,,1980年の北海道の人口は557万人です。,1980.0,557.0
630,青森県,人口,,1980年の青森県の人口は152万人です。,1980.0,152.0
631,岩手県,人口,,1980年の岩手県の人口は142万人です。,1980.0,142.0
632,宮城県,人口,,1980年の宮城県の人口は208万人です。,1980.0,208.0
633,秋田県,人口,,1980年の秋田県の人口は125万人です。,1980.0,125.0
634,山形県,人口,,1980年の山形県の人口は125万人です。,1980.0,125.0
635,福島県,人口,,1980年の福島県の人口は203万人です。,1980.0,203.0
636,茨城県,人口,,1980年の茨城県の人口は255万人です。,1980.0,255.0
637,栃木県,人口,,1980年の栃木県の人口は179万人です。,1980.0,179.0
638,群馬県,人口,,1980年の群馬県の人口は184万人です。,1980.0,184.0
639,埼玉県,人口,,1980年の埼玉県の人口は542万人です。,1980.0,542.0
640,千葉県,人口,,1980年の千葉県の人口は473万人です。,1980.0,473.0
641,東京都,人口,,1980年の東京都の人口は1161万人です。,1980.0,1161.0
642,神奈川県,人口,,1980年の神奈川県の人口は692万人です。,1980.0,692.0
643,新潟県,人口,,1980年の新潟県の人口は245万人です。,1980.0,245.0
644,富山県,人口,,1980年の富山県の人口は110万人です。,1980.0,110.0
645,石川県,人口,,1980年の石川県の人口は111万人です。,1980.0,111.0
646,福井県,人口,,1980年の福井県の人口は79万人です。,1980.0,79.0
647,山梨県,人口,,1980年の山梨県の人口は80万人です。,1980.0,80.0
648,長野県,人口,,1980年の長野県の人口は208万人です。,1980.0,208.0
649,岐阜県,人口,,1980年の岐阜県の人口は196万人です。,1980.0,196.0
650,静岡県,人口,,1980年の静岡県の人口は344万人です。,1980.0,344.0
651,愛知県,人口,,1980年の愛知県の人口は622万人です。,1980.0,622.0
652,三重県,人口,,1980年の三重県の人口は168万人です。,1980.0,168.0
653,滋賀県,人口,,1980年の滋賀県の人口は107万人です。,1980.0,107.0
654,京都府,人口,,1980年の京都府の人口は252万人です。,1980.0,252.0
655,大阪府,人口,,1980年の大阪府の人口は847万人です。,1980.0,847.0
656,兵庫県,人口,,1980年の兵庫県の人口は514万人です。,1980.0,514.0
657,奈良県,人口,,1980年の奈良県の人口は120万人です。,1980.0,120.0
658,和歌山県,人口,,1980年の和歌山県の人口は108万人です。,1980.0,108.0
659,鳥取県,人口,,1980年の鳥取県の人口は60万人です。,1980.0,60.0
660,島根県,人口,,1980年の島根県の人口は78万人です。,1980.0,78.0
661,岡山県,人口,,1980年の岡山県の人口は187万人です。,1980.0,187.0
662,広島県,人口,,1980年の広島県の人口は273万人です。,1980.0,273.0
663,山口県,人口,,1980年の山口県の人口は158万人です。,1980.0,158.0
664,徳島県,人口,,1980年の徳島県の人口は82万人です。,1980.0,82.0
665,香川県,人口,,1980年の香川県の人口は99万人です。,1980.0,99.0
666,愛媛県,人口,,1980年の愛媛県の人口は150万人です。,1980.0,150.0
667,高知県,人口,,1980年の高知県の人口は83万人です。,1980.0,83.0
668,福岡県,人口,,1980年の福岡県の人口は455万人です。,1980.0,455.0
669,佐賀県,人口,,1980年の佐賀県の人口は86万人です。,1980.0,86.0
670,長崎県,人口,,1980年の長崎県の人口は159万人です。,1980.0,159.0
671,熊本県,人口,,1980年の熊本県の人口は179万人です。,1980.0,179.0
672,大分県,人口,,1980年の大分県の人口は122万人です。,1980.0,122.0
673,宮崎県,人口,,1980年の宮崎県の人口は115万人です。,1980.0,115.0
674,鹿児島県,人口,,1980年の鹿児島県の人口は178万人です。,1980.0,178.0
675,沖縄県,人口,,1980年の沖縄県の人口は110万人です。,1980.0,110.0
679,北海道,人口,,1985年の北海道の人口は567万人です。,1985.0,567.0
680,青森県,人口,,1985年の青森県の人口は152万人です。,1985.0,152.0
681,岩手県,人口,,1985年の岩手県の人口は143万人です。,1985.0,143.0
682,宮城県,人口,,1985年の宮城県の人口は217万人です。,1985.0,217.0
683,秋田県,人口,,1985年の秋田県の人口は125万人です。,1985.0,125.0
684,山形県,人口,,1985年の山形県の人口は126万人です。,1985.0,126.0
685,福島県,人口,,1985年の福島県の人口は208万人です。,1985.0,208.0
686,茨城県,人口,,1985年の茨城県の人口は272万人です。,1985.0,272.0
687,栃木県,人口,,1985年の栃木県の人口は186万人です。,1985.0,186.0
688,群馬県,人口,,1985年の群馬県の人口は192万人です。,1985.0,192.0
689,埼玉県,人口,,1985年の埼玉県の人口は586万人です。,1985.0,586.0
690,千葉県,人口,,1985年の千葉県の人口は514万人です。,1985.0,514.0
691,東京都,人口,,1985年の東京都の人口は1182万人です。,1985.0,1182.0
692,神奈川県,人口,,1985年の神奈川県の人口は743万人です。,1985.0,743.0
693,新潟県,人口,,1985年の新潟県の人口は247万人です。,1985.0,247.0
694,富山県,人口,,1985年の富山県の人口は111万人です。,1985.0,111.0
695,石川県,人口,,1985年の石川県の人口は115万人です。,1985.0,115.0
696,福井県,人口,,1985年の福井県の人口は81万人です。,1985.0,81.0
697,山梨県,人口,,1985年の山梨県の人口は83万人です。,1985.0,83.0
698,長野県,人口,,1985年の長野県の人口は213万人です。,1985.0,213.0
699,岐阜県,人口,,1985年の岐阜県の人口は202万人です。,1985.0,202.0
700,静岡県,人口,,1985年の静岡県の人口は357万人です。,1985.0,357.0
701,愛知県,人口,,1985年の愛知県の人口は645万人です。,1985.0,645.0
702,三重県,人口,,1985年の三重県の人口は174万人です。,1985.0,174.0
703,滋賀県,人口,,1985年の滋賀県の人口は115万人です。,1985.0,115.0
704,京都府,人口,,1985年の京都府の人口は258万人です。,1985.0,258.0
705,大阪府,人口,,1985年の大阪府の人口は866万人です。,1985.0,866.0
706,兵庫県,人口,,1985年の兵庫県の人口は527万人です。,1985.0,527.0
707,奈良県,人口,,1985年の奈良県の人口は130万人です。,1985.0,130.0
708,和歌山県,人口,,1985年の和歌山県の人口は108万人です。,1985.0,108.0
709,鳥取県,人口,,1985年の鳥取県の人口は61万人です。,1985.0,61.0
710,島根県,人口,,1985年の島根県の人口は79万人です。,1985.0,79.0
711,岡山県,人口,,1985年の岡山県の人口は191万人です。,1985.0,191.0
712,広島県,人口,,1985年の広島県の人口は281万人です。,1985.0,281.0
713,山口県,人口,,1985年の山口県の人口は160万人です。,1985.0,160.0
714,徳島県,人口,,1985年の徳島県の人口は83万人です。,1985.0,83.0
715,香川県,人口,,1985年の香川県の人口は102万人です。,1985.0,102.0
716,愛媛県,人口,,1985年の愛媛県の人口は152万人です。,1985.0,152.0
717,高知県,人口,,1985年の高知県の人口は83万人です。,1985.0,83.0
718,福岡県,人口,,1985年の福岡県の人口は471万人です。,1985.0,471.0
719,佐賀県,人口,,1985年の佐賀県の人口は88万人です。,1985.0,88.0
720,長崎県,人口,,1985年の長崎県の人口は159万人です。,1985.0,159.0
721,熊本県,人口,,1985年の熊本県の人口は183万人です。,1985.0,183.0
722,大分県,人口,,1985年の大分県の人口は125万人です。,1985.0,125.0
723,宮崎県,人口,,1985年の宮崎県の人口は117万人です。,1985.0,117.0
724,鹿児島県,人口,,1985年の鹿児島県の人口は181万人です。,1985.0,181.0
725,沖縄県,人口,,1985年の沖縄県の人口は117万人です。,1985.0,117.0
729,北海道,人口,,1990年の北海道の人口は564万人です。,1990.0,564.0
730,青森県,人口,,1990年の青森県の人口は148万人です。,1990.0,148.0
731,岩手県,人口,,1990年の岩手県の人口は141万人です。,1990.0,141.0
732,宮城県,人口,,1990年の宮城県の人口は224万人です。,1990.0,224.0
733,秋田県,人口,,1990年の秋田県の人口は122万人です。,1990.0,122.0
734,山形県,人口,,1990年の山形県の人口は125万人です。,1990.0,125.0
735,福島県,人口,,1990年の福島県の人口は210万人です。,1990.0,210.0
736,茨城県,人口,,1990年の茨城県の人口は284万人です。,1990.0,284.0
737,栃木県,人口,,1990年の栃木県の人口は193万人です。,1990.0,193.0
738,群馬県,人口,,1990年の群馬県の人口は196万人です。,1990.0,196.0
739,埼玉県,人口,,1990年の埼玉県の人口は640万人です。,1990.0,640.0
740,千葉県,人口,,1990年の千葉県の人口は555万人です。,1990.0,555.0
741,東京都,人口,,1990年の東京都の人口は1185万人です。,1990.0,1185.0
742,神奈川県,人口,,1990年の神奈川県の人口は798万人です。,1990.0,798.0
743,新潟県,人口,,1990年の新潟県の人口は247万人です。,1990.0,247.0
744,富山県,人口,,1990年の富山県の人口は112万人です。,1990.0,112.0
745,石川県,人口,,1990年の石川県の人口は116万人です。,1990.0,116.0
746,福井県,人口,,1990年の福井県の人口は82万人です。,1990.0,82.0
747,山梨県,人口,,1990年の山梨県の人口は85万人です。,1990.0,85.0
748,長野県,人口,,1990年の長野県の人口は215万人です。,1990.0,215.0
749,岐阜県,人口,,1990年の岐阜県の人口は206万人です。,1990.0,206.0
750,静岡県,人口,,1990年の静岡県の人口は367万人です。,1990.0,367.0
751,愛知県,人口,,1990年の愛知県の人口は669万人です。,1990.0,669.0
752,三重県,人口,,1990年の三重県の人口は179万人です。,1990.0,179.0
753,滋賀県,人口,,1990年の滋賀県の人口は122万人です。,1990.0,122.0
754,京都府,人口,,1990年の京都府の人口は260万人です。,1990.0,260.0
755,大阪府,人口,,1990年の大阪府の人口は873万人です。,1990.0,873.0
756,兵庫県,人口,,1990年の兵庫県の人口は540万人です。,1990.0,540.0
757,奈良県,人口,,1990年の奈良県の人口は137万人です。,1990.0,137.0
758,和歌山県,人口,,1990年の和歌山県の人口は107万人です。,1990.0,107.0
759,鳥取県,人口,,1990年の鳥取県の人口は61万人です。,1990.0,61.0
760,島根県,人口,,1990年の島根県の人口は78万人です。,1990.0,78.0
761,岡山県,人口,,1990年の岡山県の人口は192万人です。,1990.0,192.0
762,広島県,人口,,1990年の広島県の人口は284万人です。,1990.0,284.0
763,山口県,人口,,1990年の山口県の人口は157万人です。,1990.0,157.0
764,徳島県,人口,,1990年の徳島県の人口は83万人です。,1990.0,83.0
765,香川県,人口,,1990年の香川県の人口は102万人です。,1990.0,102.0
766,愛媛県,人口,,1990年の愛媛県の人口は151万人です。,1990.0,151.0
767,高知県,人口,,1990年の高知県の人口は82万人です。,1990.0,82.0
768,福岡県,人口,,1990年の福岡県の人口は481万人です。,1990.0,481.0
769,佐賀県,人口,,1990年の佐賀県の人口は87万人です。,1990.0,87.0
770,長崎県,人口,,1990年の長崎県の人口は156万人です。,1990.0,156.0
771,熊本県,人口,,1990年の熊本県の人口は184万人です。,1990.0,184.0
772,大分県,人口,,1990年の大分県の人口は123万人です。,1990.0,123.0
773,宮崎県,人口,,1990年の宮崎県の人口は116万人です。,1990.0,116.0
774,鹿児島県,人口,,1990年の鹿児島県の人口は179万人です。,1990.0,179.0
775,沖縄県,人口,,1990年の沖縄県の人口は122万人です。,1990.0,122.0
779,北海道,人口,,1995年の北海道の人口は569万人です。,1995.0,569.0
780,青森県,人口,,1995年の青森県の人口は148万人です。,1995.0,148.0
781,岩手県,人口,,1995年の岩手県の人口は141万人です。,1995.0,141.0
782,宮城県,人口,,1995年の宮城県の人口は232万人です。,1995.0,232.0
783,秋田県,人口,,1995年の秋田県の人口は121万人です。,1995.0,121.0
784,山形県,人口,,1995年の山形県の人口は125万人です。,1995.0,125.0
785,福島県,人口,,1995年の福島県の人口は213万人です。,1995.0,213.0
786,茨城県,人口,,1995年の茨城県の人口は295万人です。,1995.0,295.0
787,栃木県,人口,,1995年の栃木県の人口は198万人です。,1995.0,198.0
788,群馬県,人口,,1995年の群馬県の人口は200万人です。,1995.0,200.0
789,埼玉県,人口,,1995年の埼玉県の人口は675万人です。,1995.0,675.0
790,千葉県,人口,,1995年の千葉県の人口は579万人です。,1995.0,579.0
791,東京都,人口,,1995年の東京都の人口は1177万人です。,1995.0,1177.0
792,神奈川県,人口,,1995年の神奈川県の人口は824万人です。,1995.0,824.0
793,新潟県,人口,,1995年の新潟県の人口は248万人です。,1995.0,248.0
794,富山県,人口,,1995年の富山県の人口は112万人です。,1995.0,112.0
795,石川県,人口,,1995年の石川県の人口は118万人です。,1995.0,118.0
796,福井県,人口,,1995年の福井県の人口は82万人です。,1995.0,82.0
797,山梨県,人口,,1995年の山梨県の人口は88万人です。,1995.0,88.0
798,長野県,人口,,1995年の長野県の人口は219万人です。,1995.0,219.0
799,岐阜県,人口,,1995年の岐阜県の人口は210万人です。,1995.0,210.0
800,静岡県,人口,,1995年の静岡県の人口は373万人です。,1995.0,373.0
801,愛知県,人口,,1995年の愛知県の人口は686万人です。,1995.0,686.0
802,三重県,人口,,1995年の三重県の人口は184万人です。,1995.0,184.0
803,滋賀県,人口,,1995年の滋賀県の人口は128万人です。,1995.0,128.0
804,京都府,人口,,1995年の京都府の人口は262万人です。,1995.0,262.0
805,大阪府,人口,,1995年の大阪府の人口は879万人です。,1995.0,879.0
806,兵庫県,人口,,1995年の兵庫県の人口は540万人です。,1995.0,540.0
807,奈良県,人口,,1995年の奈良県の人口は143万人です。,1995.0,143.0
808,和歌山県,人口,,1995年の和歌山県の人口は108万人です。,1995.0,108.0
809,鳥取県,人口,,1995年の鳥取県の人口は61万人です。,1995.0,61.0
810,島根県,人口,,1995年の島根県の人口は77万人です。,1995.0,77.0
811,岡山県,人口,,1995年の岡山県の人口は195万人です。,1995.0,195.0
812,広島県,人口,,1995年の広島県の人口は288万人です。,1995.0,288.0
813,山口県,人口,,1995年の山口県の人口は155万人です。,1995.0,155.0
814,徳島県,人口,,1995年の徳島県の人口は83万人です。,1995.0,83.0
815,香川県,人口,,1995年の香川県の人口は102万人です。,1995.0,102.0
816,愛媛県,人口,,1995年の愛媛県の人口は150万人です。,1995.0,150.0
817,高知県,人口,,1995年の高知県の人口は81万人です。,1995.0,81.0
818,福岡県,人口,,1995年の福岡県の人口は493万人です。,1995.0,493.0
819,佐賀県,人口,,1995年の佐賀県の人口は88万人です。,1995.0,88.0
820,長崎県,人口,,1995年の長崎県の人口は154万人です。,1995.0,154.0
821,熊本県,人口,,1995年の熊本県の人口は185万人です。,1995.0,185.0
822,大分県,人口,,1995年の大分県の人口は123万人です。,1995.0,123.0
823,宮崎県,人口,,1995年の宮崎県の人口は117万人です。,1995.0,117.0
824,鹿児島県,人口,,1995年の鹿児島県の人口は179万人です。,1995.0,179.0
825,沖縄県,人口,,1995年の沖縄県の人口は127万人です。,1995.0,127.0
829,北海道,人口,,2000年の北海道の人口は568万人です。,2000.0,568.0
830,青森県,人口,,2000年の青森県の人口は147万人です。,2000.0,147.0
831,岩手県,人口,,2000年の岩手県の人口は141万人です。,2000.0,141.0
832,宮城県,人口,,2000年の宮城県の人口は236万人です。,2000.0,236.0
833,秋田県,人口,,2000年の秋田県の人口は118万人です。,2000.0,118.0
834,山形県,人口,,2000年の山形県の人口は124万人です。,2000.0,124.0
835,福島県,人口,,2000年の福島県の人口は212万人です。,2000.0,212.0
836,茨城県,人口,,2000年の茨城県の人口は298万人です。,2000.0,298.0
837,栃木県,人口,,2000年の栃木県の人口は200万人です。,2000.0,200.0
838,群馬県,人口,,2000年の群馬県の人口は202万人です。,2000.0,202.0
839,埼玉県,人口,,2000年の埼玉県の人口は693万人です。,2000.0,693.0
840,千葉県,人口,,2000年の千葉県の人口は592万人です。,2000.0,592.0
841,東京都,人口,,2000年の東京都の人口は1206万人です。,2000.0,1206.0
842,神奈川県,人口,,2000年の神奈川県の人口は848万人です。,2000.0,848.0
843,新潟県,人口,,2000年の新潟県の人口は247万人です。,2000.0,247.0
844,富山県,人口,,2000年の富山県の人口は112万人です。,2000.0,112.0
845,石川県,人口,,2000年の石川県の人口は118万人です。,2000.0,118.0
846,福井県,人口,,2000年の福井県の人口は82万人です。,2000.0,82.0
847,山梨県,人口,,2000年の山梨県の人口は88万人です。,2000.0,88.0
848,長野県,人口,,2000年の長野県の人口は221万人です。,2000.0,221.0
849,岐阜県,人口,,2000年の岐阜県の人口は210万人です。,2000.0,210.0
850,静岡県,人口,,2000年の静岡県の人口は376万人です。,2000.0,376.0
851,愛知県,人口,,2000年の愛知県の人口は704万人です。,2000.0,704.0
852,三重県,人口,,2000年の三重県の人口は185万人です。,2000.0,185.0
853,滋賀県,人口,,2000年の滋賀県の人口は134万人です。,2000.0,134.0
854,京都府,人口,,2000年の京都府の人口は264万人です。,2000.0,264.0
855,大阪府,人口,,2000年の大阪府の人口は880万人です。,2000.0,880.0
856,兵庫県,人口,,2000年の兵庫県の人口は555万人です。,2000.0,555.0
857,奈良県,人口,,2000年の奈良県の人口は144万人です。,2000.0,144.0
858,和歌山県,人口,,2000年の和歌山県の人口は106万人です。,2000.0,106.0
859,鳥取県,人口,,2000年の鳥取県の人口は61万人です。,2000.0,61.0
860,島根県,人口,,2000年の島根県の人口は76万人です。,2000.0,76.0
861,岡山県,人口,,2000年の岡山県の人口は195万人です。,2000.0,195.0
862,広島県,人口,,2000年の広島県の人口は287万人です。,2000.0,287.0
863,山口県,人口,,2000年の山口県の人口は152万人です。,2000.0,152.0
864,徳島県,人口,,2000年の徳島県の人口は82万人です。,2000.0,82.0
865,香川県,人口,,2000年の香川県の人口は102万人です。,2000.0,102.0
866,愛媛県,人口,,2000年の愛媛県の人口は149万人です。,2000.0,149.0
867,高知県,人口,,2000年の高知県の人口は81万人です。,2000.0,81.0
868,福岡県,人口,,2000年の福岡県の人口は501万人です。,2000.0,501.0
869,佐賀県,人口,,2000年の佐賀県の人口は87万人です。,2000.0,87.0
870,長崎県,人口,,2000年の長崎県の人口は151万人です。,2000.0,151.0
871,熊本県,人口,,2000年の熊本県の人口は185万人です。,2000.0,185.0
872,大分県,人口,,2000年の大分県の人口は122万人です。,2000.0,122.0
873,宮崎県,人口,,2000年の宮崎県の人口は117万人です。,2000.0,117.0
874,鹿児島県,人口,,2000年の鹿児島県の人口は178万人です。,2000.0,178.0
875,沖縄県,人口,,2000年の沖縄県の人口は131万人です。,2000.0,131.0
879,北海道,人口,,2005年の北海道の人口は562万人です。,2005.0,562.0
880,青森県,人口,,2005年の青森県の人口は143万人です。,2005.0,143.0
881,岩手県,人口,,2005年の岩手県の人口は138万人です。,2005.0,138.0
882,宮城県,人口,,2005年の宮城県の人口は236万人です。,2005.0,236.0
883,秋田県,人口,,2005年の秋田県の人口は114万人です。,2005.0,114.0
884,山形県,人口,,2005年の山形県の人口は121万人です。,2005.0,121.0
885,福島県,人口,,2005年の福島県の人口は209万人です。,2005.0,209.0
886,茨城県,人口,,2005年の茨城県の人口は297万人です。,2005.0,297.0
887,栃木県,人口,,2005年の栃木県の人口は201万人です。,2005.0,201.0
888,群馬県,人口,,2005年の群馬県の人口は202万人です。,2005.0,202.0
889,埼玉県,人口,,2005年の埼玉県の人口は705万人です。,2005.0,705.0
890,千葉県,人口,,2005年の千葉県の人口は605万人です。,2005.0,605.0
891,東京都,人口,,2005年の東京都の人口は1257万人です。,2005.0,1257.0
892,神奈川県,人口,,2005年の神奈川県の人口は879万人です。,2005.0,879.0
893,新潟県,人口,,2005年の新潟県の人口は243万人です。,2005.0,243.0
894,富山県,人口,,2005年の富山県の人口は111万人です。,2005.0,111.0
895,石川県,人口,,2005年の石川県の人口は117万人です。,2005.0,117.0
896,福井県,人口,,2005年の福井県の人口は82万人です。,2005.0,82.0
897,山梨県,人口,,2005年の山梨県の人口は88万人です。,2005.0,88.0
898,長野県,人口,,2005年の長野県の人口は219万人です。,2005.0,219.0
899,岐阜県,人口,,2005年の岐阜県の人口は210万人です。,2005.0,210.0
900,静岡県,人口,,2005年の静岡県の人口は379万人です。,2005.0,379.0
901,愛知県,人口,,2005年の愛知県の人口は725万人です。,2005.0,725.0
902,三重県,人口,,2005年の三重県の人口は186万人です。,2005.0,186.0
903,滋賀県,人口,,2005年の滋賀県の人口は138万人です。,2005.0,138.0
904,京都府,人口,,2005年の京都府の人口は264万人です。,2005.0,264.0
905,大阪府,人口,,2005年の大阪府の人口は881万人です。,2005.0,881.0
906,兵庫県,人口,,2005年の兵庫県の人口は559万人です。,2005.0,559.0
907,奈良県,人口,,2005年の奈良県の人口は142万人です。,2005.0,142.0
908,和歌山県,人口,,2005年の和歌山県の人口は103万人です。,2005.0,103.0
909,鳥取県,人口,,2005年の鳥取県の人口は60万人です。,2005.0,60.0
910,島根県,人口,,2005年の島根県の人口は74万人です。,2005.0,74.0
911,岡山県,人口,,2005年の岡山県の人口は195万人です。,2005.0,195.0
912,広島県,人口,,2005年の広島県の人口は287万人です。,2005.0,287.0
913,山口県,人口,,2005年の山口県の人口は149万人です。,2005.0,149.0
914,徳島県,人口,,2005年の徳島県の人口は80万人です。,2005.0,80.0
915,香川県,人口,,2005年の香川県の人口は101万人です。,2005.0,101.0
916,愛媛県,人口,,2005年の愛媛県の人口は146万人です。,2005.0,146.0
917,高知県,人口,,2005年の高知県の人口は79万人です。,2005.0,79.0
918,福岡県,人口,,2005年の福岡県の人口は504万人です。,2005.0,504.0
919,佐賀県,人口,,2005年の佐賀県の人口は86万人です。,2005.0,86.0
920,長崎県,人口,,2005年の長崎県の人口は147万人です。,2005.0,147.0
921,熊本県,人口,,2005年の熊本県の人口は184万人です。,2005.0,184.0
922,大分県,人口,,2005年の大分県の人口は120万人です。,2005.0,120.0
923,宮崎県,人口,,2005年の宮崎県の人口は115万人です。,2005.0,115.0
924,鹿児島県,人口,,2005年の鹿児島県の人口は175万人です。,2005.0,175.0
925,沖縄県,人口,,2005年の沖縄県の人口は136万人です。,2005.0,136.0
929,北海道,人口,,2010年の北海道の人口は550万人です。,2010.0,550.0
930,青森県,人口,,2010年の青森県の人口は137万人です。,2010.0,137.0
931,岩手県,人口,,2010年の岩手県の人口は133万人です。,2010.0,133.0
932,宮城県,人口,,2010年の宮城県の人口は234万人です。,2010.0,234.0
933,秋田県,人口,,2010年の秋田県の人口は108万人です。,2010.0,108.0
934,山形県,人口,,2010年の山形県の人口は116万人です。,2010.0,116.0
935,福島県,人口,,2010年の福島県の人口は202万人です。,2010.0,202.0
936,茨城県,人口,,2010年の茨城県の人口は296万人です。,2010.0,296.0
937,栃木県,人口,,2010年の栃木県の人口は200万人です。,2010.0,200.0
938,群馬県,人口,,2010年の群馬県の人口は200万人です。,2010.0,200.0
939,埼玉県,人口,,2010年の埼玉県の人口は719万人です。,2010.0,719.0
940,千葉県,人口,,2010年の千葉県の人口は621万人です。,2010.0,621.0
941,東京都,人口,,2010年の東京都の人口は1315万人です。,2010.0,1315.0
942,神奈川県,人口,,2010年の神奈川県の人口は904万人です。,2010.0,904.0
943,新潟県,人口,,2010年の新潟県の人口は237万人です。,2010.0,237.0
944,富山県,人口,,2010年の富山県の人口は109万人です。,2010.0,109.0
945,石川県,人口,,2010年の石川県の人口は116万人です。,2010.0,116.0
946,福井県,人口,,2010年の福井県の人口は80万人です。,2010.0,80.0
947,山梨県,人口,,2010年の山梨県の人口は86万人です。,2010.0,86.0
948,長野県,人口,,2010年の長野県の人口は215万人です。,2010.0,215.0
949,岐阜県,人口,,2010年の岐阜県の人口は208万人です。,2010.0,208.0
950,静岡県,人口,,2010年の静岡県の人口は376万人です。,2010.0,376.0
951,愛知県,人口,,2010年の愛知県の人口は741万人です。,2010.0,741.0
952,三重県,人口,,2010年の三重県の人口は185万人です。,2010.0,185.0
953,滋賀県,人口,,2010年の滋賀県の人口は141万人です。,2010.0,141.0
954,京都府,人口,,2010年の京都府の人口は263万人です。,2010.0,263.0
955,大阪府,人口,,2010年の大阪府の人口は886万人です。,2010.0,886.0
956,兵庫県,人口,,2010年の兵庫県の人口は558万人です。,2010.0,558.0
957,奈良県,人口,,2010年の奈良県の人口は140万人です。,2010.0,140.0
958,和歌山県,人口,,2010年の和歌山県の人口は100万人です。,2010.0,100.0
959,鳥取県,人口,,2010年の鳥取県の人口は58万人です。,2010.0,58.0
960,島根県,人口,,2010年の島根県の人口は71万人です。,2010.0,71.0
961,岡山県,人口,,2010年の岡山県の人口は194万人です。,2010.0,194.0
962,広島県,人口,,2010年の広島県の人口は286万人です。,2010.0,286.0
963,山口県,人口,,2010年の山口県の人口は145万人です。,2010.0,145.0
964,徳島県,人口,,2010年の徳島県の人口は78万人です。,2010.0,78.0
965,香川県,人口,,2010年の香川県の人口は99万人です。,2010.0,99.0
966,愛媛県,人口,,2010年の愛媛県の人口は143万人です。,2010.0,143.0
967,高知県,人口,,2010年の高知県の人口は76万人です。,2010.0,76.0
968,福岡県,人口,,2010年の福岡県の人口は507万人です。,2010.0,507.0
969,佐賀県,人口,,2010年の佐賀県の人口は84万人です。,2010.0,84.0
970,長崎県,人口,,2010年の長崎県の人口は142万人です。,2010.0,142.0
971,熊本県,人口,,2010年の熊本県の人口は181万人です。,2010.0,181.0
972,大分県,人口,,2010年の大分県の人口は119万人です。,2010.0,119.0
973,宮崎県,人口,,2010年の宮崎県の人口は113万人です。,2010.0,113.0
974,鹿児島県,人口,,2010年の鹿児島県の人口は170万人です。,2010.0,170.0
975,沖縄県,人口,,2010年の沖縄県の人口は139万人です。,2010.0,139.0
979,北海道,人口,,2015年の北海道の人口は538万人です。,2015.0,538.0
980,青森県,人口,,2015年の青森県の人口は130万人です。,2015.0,130.0
981,岩手県,人口,,2015年の岩手県の人口は127万人です。,2015.0,127.0
982,宮城県,人口,,2015年の宮城県の人口は233万人です。,2015.0,233.0
983,秋田県,人口,,2015年の秋田県の人口は102万人です。,2015.0,102.0
984,山形県,人口,,2015年の山形県の人口は112万人です。,2015.0,112.0
985,福島県,人口,,2015年の福島県の人口は191万人です。,2015.0,191.0
986,茨城県,人口,,2015年の茨城県の人口は291万人です。,2015.0,291.0
987,栃木県,人口,,2015年の栃木県の人口は197万人です。,2015.0,197.0
988,群馬県,人口,,2015年の群馬県の人口は197万人です。,2015.0,197.0
989,埼玉県,人口,,2015年の埼玉県の人口は726万人です。,2015.0,726.0
990,千葉県,人口,,2015年の千葉県の人口は622万人です。,2015.0,622.0
991,東京都,人口,,2015年の東京都の人口は1351万人です。,2015.0,1351.0
992,神奈川県,人口,,2015年の神奈川県の人口は912万人です。,2015.0,912.0
993,新潟県,人口,,2015年の新潟県の人口は230万人です。,2015.0,230.0
994,富山県,人口,,2015年の富山県の人口は106万人です。,2015.0,106.0
995,石川県,人口,,2015年の石川県の人口は115万人です。,2015.0,115.0
996,福井県,人口,,2015年の福井県の人口は78万人です。,2015.0,78.0
997,山梨県,人口,,2015年の山梨県の人口は83万人です。,2015.0,83.0
998,長野県,人口,,2015年の長野県の人口は209万人です。,2015.0,209.0
999,岐阜県,人口,,2015年の岐阜県の人口は203万人です。,2015.0,203.0
1000,静岡県,人口,,2015年の静岡県の人口は370万人です。,2015.0,370.0
1001,愛知県,人口,,2015年の愛知県の人口は748万人です。,2015.0,748.0
1002,三重県,人口,,2015年の三重県の人口は181万人です。,2015.0,181.0
1003,滋賀県,人口,,2015年の滋賀県の人口は141万人です。,2015.0,141.0
1004,京都府,人口,,2015年の京都府の人口は261万人です。,2015.0,261.0
1005,大阪府,人口,,2015年の大阪府の人口は883万人です。,2015.0,883.0
1006,兵庫県,人口,,2015年の兵庫県の人口は553万人です。,2015.0,553.0
1007,奈良県,人口,,2015年の奈良県の人口は136万人です。,2015.0,136.0
1008,和歌山県,人口,,2015年の和歌山県の人口は96万人です。,2015.0,96.0
1009,鳥取県,人口,,2015年の鳥取県の人口は57万人です。,2015.0,57.0
1010,島根県,人口,,2015年の島根県の人口は69万人です。,2015.0,69.0
1011,岡山県,人口,,2015年の岡山県の人口は192万人です。,2015.0,192.0
1012,広島県,人口,,2015年の広島県の人口は284万人です。,2015.0,284.0
1013,山口県,人口,,2015年の山口県の人口は140万人です。,2015.0,140.0
1014,徳島県,人口,,2015年の徳島県の人口は75万人です。,2015.0,75.0
1015,香川県,人口,,2015年の香川県の人口は97万人です。,2015.0,97.0
1016,愛媛県,人口,,2015年の愛媛県の人口は138万人です。,2015.0,138.0
1017,高知県,人口,,2015年の高知県の人口は72万人です。,2015.0,72.0
1018,福岡県,人口,,2015年の福岡県の人口は510万人です。,2015.0,510.0
1019,佐賀県,人口,,2015年の佐賀県の人口は83万人です。,2015.0,83.0
1020,長崎県,人口,,2015年の長崎県の人口は137万人です。,2015.0,137.0
1021,熊本県,人口,,2015年の熊本県の人口は178万人です。,2015.0,178.0
1022,大分県,人口,,2015年の大分県の人口は116万人です。,2015.0,116.0
1023,宮崎県,人口,,2015年の宮崎県の人口は110万人です。,2015.0,110.0
1024,鹿児島県,人口,,2015年の鹿児島県の人口は164万人です。,2015.0,164.0
1025,沖縄県,人口,,2015年の沖縄県の人口は143万人です。,2015.0,143.0
